{
    "result": 200,
    "adtype": 1,
    "rewardtype": 2,
    "pricedecimal": "0",
    "camp": [

        {
            "campid": 13929,
            "bm": 1,
            "bmcheck": 1,
            "name": "삼성화재 다이렉트",
            "engname": "",
            "devicerequire": 0,
            "detailpage": 1,
            "package": "",
            "iconurl": "https://buzzvil.akamaized.net/adfit.image/uploads/1642490567-EWYRW.png",
            "joindesc":"[참여방법]<br />* 이벤트 안내 : 내 차 보험료 계산 시, 포인트를 즉시 지급합니다.<br /><br />1. 보험개발원 기준 자동차를 소유한 고객님 본인에 한하여 참여 가능합니다. <br />2. 이벤트 참여 시, 자동차 소유자 명의의 휴대폰 인증 및 마케팅 동의가 필요합니다. <br />3. 단, 아래의 경우에는 이벤트에 참여 되지  않습니다. <br />- 현재 삼성화재 자동차보험 가입 고객님 <br />- 신차/중고차 구매 후 보험료 계산 이벤트에 참여한 고객님<br />- 본 이벤트 및 다른 삼성화재 자동차보험료 계산이벤트를 포함하여, 최근 12개월 이내 참여 이력이있으신 고객님<br />4. 인터넷으로 보험료 계산 완료 시에만 참여 가능합니다. <br /><br />[주의사항]<br />- 최초 이벤트 참여가 아닌 경우 포인트가 지급되지 않습니다. <br />- WIFI가 아닌 환경에서는 데이터 이용료가 발생할 수 있습니다. <br />- 보험계약 체결 전 반드시 상품 설명서 및 약관을 읽어보시기 바랍니다. 보험계약자가 기존에 체결했던 보험계약을 해지하고 다른 보험계약을 체결하면 보험 인수가 거절되거나 보험료가 인상되거나 보장내용이 달라질 수 있습니다. 또한 지급 한도, 면책사항 등에 따라 보험금 지급이 제한될 수 있습니다. 예금자보호법에 따라 해약 환급금(만기 시 보험금이나 사고보험금)에 기타지급금을 합하여 5천만원까지(본 보험회사 모든 상품 합산) 예금자 보호됩니다. <br /><br />손해보험협회 심의필 제68332호(2022.05.16~2023.05.15) 캠페인에 참여하세요.",
            "rewardcondition": 0,
            "rewarddesc": "",
            "notice": "",
            "cta": "참여하기",
            "category": 0
        }
    ]
}
